{
  "elementos" : [
    {
      "nombre": "Elemento químico",
      "descripcion": "Es un átomo con moléculas, aquella sustancia que no puede ser descompuesta mediante una reacción química, en otras más simples. Pueden existir dos átomos de un mismo elemento con características distintas y, en el caso de que estos posean número másico distinto, pertenecen al mismo elemento pero en lo que se conoce como uno de sus isótopos.",
      "valoracion": 5
    },
    {
      "nombre": "Elemento de un conjunto",
      "descripcion": "En teoría de conjuntos, un elemento o miembro de un conjunto (o familia de conjuntos) es un objeto que forma parte de ese conjunto (o familia).",
      "valoracion": 3.5
    },
    {
      "nombre": "Elemento sintético",
      "descripcion": "En química, un elemento sintético es un elemento químico que no aparece de forma natural en la Tierra, y solo puede ser creado artificialmente.",
      "valoracion": 2
    },
    {
      "nombre": "Elemento algebraico",
      "descripcion": "En matemáticas, más concretamente en álgebra abstracta y teoría de cuerpos, se dice que un elemento es algebraico sobre un cuerpo si es raíz de algún polinomio con coeficientes en dicho cuerpo. Los elementos algebraicos sobre el cuerpo de los números racionales reciben el nombre de números algebraicos.",
      "valoracion": 4.9
    },
    {
      "nombre": "Elementos de la naturaleza",
      "descripcion": "Los cuatro o cinco elementos de la naturaleza —normalmente agua, tierra, fuego y aire, a los que se añade la quintaesencia o éter— eran, para muchas doctrinas antiguas, los constituyentes básicos de la materia y explicaban el comportamiento de la naturaleza. El modelo estuvo vigente hasta que la ciencia moderna empezó a desentrañar los elementos y reacciones químicas.",
      "valoracion": 5
    },
    {
      "nombre": "Elemento constructivo",
      "descripcion": "Un elemento constructivo es cada uno de los componentes materiales que integran una obra de construcción. Se suelen clasificar en estructurales y compartimentadores.",
      "valoracion": 1
    }
  ]
}